x0000,y0000
0.,0.7042465108
0.0000390816,0.7553517882
0.0000781632,0.6734523051
0.0001172447,0.6162318662
0.0001563263,0.5068141567
0.0001954079,0.7328567302
0.0002344895,0.7385350944
0.0002735711,0.7090512804
0.0003126527,0.6588195974
0.0003517342,0.6854642293
0.0003908158,0.6352325463
0.0004298974,0.738753493
0.000468979,0.7372247026
0.0005080606,1.0189589247
0.0005471422,0.8874829544
0.0005862237,0.7913875608
0.0006253053,0.7723868807
0.0006643869,0.9211163421
0.0007034685,1.0102229798
0.0007425501,0.8195609830
0.0007816317,0.6957289645
0.0008207132,0.7433398640
0.0008597948,0.8012154988
0.0008988764,0.7612485510
0.000937958,0.7317647371
0.0009770396,0.9608648913
0.0010161212,1.0115333715
0.0010552027,0.8767814219
0.0010942843,0.9903487052
0.0011333659,1.1561132591
0.0011724475,1.2655309686
0.0012115291,1.0639490408
0.0012506106,0.9711296265
0.0012896922,0.7385350944
0.0013287738,0.8243657527
0.0013678554,0.8542863639
0.001406937,0.9259211118
0.0014460186,0.9381514346
0.0014851001,0.9816127604
0.0015241817,1.0672250201
0.0015632633,0.8029626878
0.0016023449,0.7000969369
0.0016414265,0.9224267339
0.0016805081,1.007820595
0.0017195896,0.8625855115
0.0017586712,0.7492366268
0.0017977528,0.9014604662
0.0018368344,0.847297608
0.001875916,0.8769998206
0.0019149976,0.9381514346
0.0019540791,0.7896403719
0.0019931607,0.7671453138
0.0020322423,0.8774366178
0.0020713239,0.7009705314
0.0021104055,0.5703681556
0.0021494871,0.806893863
0.0021885686,0.7946635402
0.0022276502,0.8769998206
0.0022667318,0.847297608
0.0023058134,0.7094880777
0.002344895,0.7743524683
0.0023839766,0.9929694887
0.0024230581,0.8933797172
0.0024621397,0.5212284657
0.0025012213,0.7332935274
0.0025403029,0.9623936817
0.0025793845,0.9536577368
0.0026184660,1.0145909523
0.0026575476,1.0231084985
0.0026966292,0.4830087069
0.0027357108,0.5310564037
0.0027747924,0.6313013711
0.002813874,0.6684291368
0.0028529555,0.9222083353
0.0028920371,0.9554049258
0.0029311187,1.0093493853
0.0029702003,0.6754178927
0.0030092819,0.4923998477
0.0030483635,0.5509306783
0.0030874450,0.7245575826
0.0031265266,0.6251862097
0.0031656082,0.5856560592
0.0032046898,0.7346039192
0.0032437714,0.7717316849
0.003282853,0.6898322017
0.0033219345,0.9366226443
0.0033610161,0.6725787106
0.0034000977,0.6153582717
0.0034391793,0.7750076642
0.0034782609,0.6686475354
0.0035173425,0.7477078365
0.0035564240,0.9069204317
0.0035955056,0.9051732428
0.0036345872,0.8160666051
0.0036736688,0.8282969279
0.0037127504,0.9281050980
0.0037518319,0.8774366178
0.0037909135,0.7394086889
0.0038299951,0.6749810954
0.0038690767,1.0545579000
0.0039081583,1.1434461391
0.0039472399,0.8929429199
0.0039863214,0.9925326915
0.0040254030,1.2039425573
0.0040644846,1.100203212
0.0041035662,0.8289521238
0.0041426478,0.7992499112
0.0041817294,0.7592829634
0.0042208109,0.698349748
0.0042598925,1.0010502377
0.0042989741,0.8033994850
0.0043380557,0.9661064582
0.0043771373,0.740500682
0.0044162189,0.553988259
0.0044553004,0.4760199510
0.0044943820,0.5692761625
0.0045334636,0.5332403899
0.0045725452,0.8573439446
0.0046116268,1.166596393
0.0046507084,1.1502164964
0.0046897899,0.6518308415
0.0047288715,0.5806328909
0.0047679531,0.5725521418
0.0048070347,0.9348754553
0.0048461163,0.9259211118
0.0048851979,0.847297608
0.0049242794,0.6605667864
0.0049633610,0.7046833080
0.0050024426,0.6856826279
0.0050415242,0.8276417320
0.0050806058,0.672360312
0.0051196873,0.7479262351
0.0051587689,0.8582175391
0.0051978505,0.7935715470
0.0052369321,0.6662451506
0.0052760137,0.9444849947
0.0053150953,0.7190976170
0.0053541768,0.7035913149
0.0053932584,0.8106066395
0.0054323400,0.6133926841
0.0054714216,0.6540148278
0.0055105032,0.8134458216
0.0055495848,0.4939286380
0.0055886663,0.4336506184
0.0056277479,0.5480914962
0.0056668295,0.5295276134
0.0057059111,0.5389187541
0.0057449927,0.3910628872
0.0057840743,0.5686209667
0.0058231558,0.4764567483
0.0058622374,0.5000437994
0.0059013190,0.3209569296
0.0059404006,0.2399310409
0.0059794822,0.4107187631
0.0060185638,0.3539351215
0.0060576453,0.3253249020
0.0060967269,0.4819167138
0.0061358085,0.2643916866
0.0061748901,0.1763770420
0.0062139717,0.1202485962
0.0062530532,0.2316318933
0.0062921348,0.2940938991
0.0063312164,0.0176012440
0.006370298,0.178124231
0.0064093796,0.3106921944
0.0064484612,0.1353181011
0.0064875427,0.1770322379
0.0065266243,0.2115392201
0.0065657059,0.2180911788
0.0066047875,0.3853845230
0.0066438691,0.1680778944
0.0066829507,0.0628097587
0.0067220322,0.1047422941
0.0067611138,0.0590969821
0.0068001954,0.2545637486
0.006839277,0.2052056601
0.0068783586,0.1174094141
0.0069174402,0.1346629053
0.0069565217,0.2812083804
0.0069956033,0.1757218461
0.0070346849,0.1650203137
0.0070737665,0.1610891385
0.0071128481,0.0665225353
0.0071519297,-0.0140665562
0.0071910112,-0.0769653592
0.0072300928,0.1049606927
0.0072691744,0.0697985146
0.007308256,0.069580116
0.0073473376,0.0835576278
0.0073864191,0.1322605204
0.0074255007,0.0446826731
0.0074645823,-0.0743445758
0.0075036639,-0.0356880197
0.0075427455,-0.0636430433
0.0075818271,-0.0529415108
0.0076209086,-0.2206716523
0.0076599902,-0.3180774376
0.0076990718,-0.1986133915
0.0077381534,-0.0933452558
0.007777235,-0.2960191768
0.0078163166,0.0261187902
0.0078553981,-0.1416113512
0.0078944797,-0.1623592203
0.0079335613,-0.4137360339
0.0079726429,-0.5037162661
0.0080117245,-0.3279053756
0.0080508061,-0.3132726679
0.0080898876,-0.3268133825
0.0081289692,-0.2842256512
0.0081680508,-0.2206716523
0.0082071324,-0.2691561463
0.008246214,-0.4434382465
0.0082852956,-0.4844971874
0.0083243771,-0.5604999077
0.0083634587,-0.5454304028
0.0084025403,-0.4325183154
0.0084416219,-0.5993748624
0.0084807035,-0.6262378929
0.0085197851,-0.6703544145
0.0085588666,-0.7529090935
0.0085979482,-0.7339084134
0.0086370298,-0.5439016125
0.0086761114,-0.5463039973
0.008715193,-0.5836501617
0.0087542745,-0.6000300583
0.0087933561,-0.8540276554
0.0088324377,-0.7404603721
0.0088715193,-0.721459692
0.0089106009,-0.7725649695
0.0089496825,-0.5998116597
0.0089887640,-0.6022140445
0.0090278456,-0.7581506604
0.0090669272,-0.7463571349
0.0091060088,-0.6889182973
0.0091450904,-0.4430014493
0.009184172,-0.8369925629
0.0092232535,-0.8107847283
0.0092623351,-0.6345370405
0.0093014167,-0.5321080869
0.0093404983,-0.3632859523
0.0093795799,-0.4919227405
0.0094186615,-0.7249540699
0.0094577430,-0.8948681976
0.0094968246,-0.8616716071
0.0095359062,-0.5209697572
0.0095749878,-0.862326803
0.0096140694,-1.0075618865
0.009653151,-0.8378661574
0.0096922325,-0.5915125120
0.0097313141,-0.8350269753
0.0097703957,-0.8265094290
0.0098094773,-0.6710096104
0.0098485589,-0.6696992186
0.0098876404,-0.8431077243
0.0099267220,-0.9394215165
0.0099658036,-0.9514334407
0.0100048852,-1.0195738107
0.0100439668,-0.6367210267
0.0100830484,-0.6074556114
0.0101221299,-0.9523070352
0.0101612115,-0.6253642984
0.0102002931,-0.6976542422
0.0102393747,-0.8289118139
0.0102784563,-1.1139220152
0.0103175379,-1.0767942495
0.0103566194,-1.1132668194
0.0103957010,-0.8035775737
0.0104347826,-0.8332797863
0.0104738642,-0.7723465708
0.0105129458,-0.8651659851
0.0105520274,-0.7236436782
0.0105911089,-0.9110296956
0.0106301905,-0.7066085857
0.0106692721,-0.9429158944
0.0107083537,-0.996860354
0.0107474353,-1.1276811284
0.0107865169,-0.7550930797
0.0108255984,-0.7885080688
0.0108646800,-1.1119564276
0.0109037616,-1.1656824886
0.0109428432,-1.0586671639
0.0109819248,-0.881982679
0.0110210064,-0.8872242459
0.0110600879,-0.9588589938
0.0110991695,-0.9394215165
0.0111382511,-0.8503148788
0.0111773327,-1.0302753431
0.0112164143,-0.9619165745
0.0112554958,-0.9147424722
0.0112945774,-1.0490576246
0.0113336590,-1.0715526826
0.0113727406,-1.2301100820
0.0114118222,-1.0462184425
0.0114509038,-1.0859669917
0.0114899853,-0.8880978404
0.0115290669,-1.2080518212
0.0115681485,-1.2685482394
0.0116072301,-0.9129952832
0.0116463117,-0.6911022836
0.0116853933,-1.1056228676
0.0117244748,-1.2257421096
0.0117635564,-1.1709240555
0.0118026380,-1.0813806206
0.0118417196,-0.9533990283
0.0118808012,-0.9446630834
0.0119198828,-1.1034388814
0.0119589643,-0.9651925538
0.0119980459,-0.9946763678
0.0120371275,-0.8319693946
0.0120762091,-0.980698856
0.0121152907,-0.9787332684
0.0121543723,-1.0221945941
0.0121934538,-0.9782964711
0.0122325354,-0.9623533718
0.0122716170,-0.8837298679
0.0123106986,-1.0217577969
0.0123497802,-0.9708709180
0.0123888617,-0.8675683699
0.0124279433,-0.9007649604
0.0124670249,-0.8885346376
0.0125061065,-0.9951131650
0.0125451881,-1.1469002071
0.0125842697,-0.8441997174
0.0126233512,-0.8636371947
0.0126624328,-0.8164630924
0.0127015144,-0.7660130108
0.012740596,-0.596754079
0.0127796776,-0.6480777551
0.0128187592,-0.6642392531
0.0128578407,-0.7118501526
0.0128969223,-0.6231803122
0.0129360039,-0.8140607076
0.0129750855,-0.8055431613
0.0130141671,-0.7970256151
0.0130532487,-0.7253908672
0.0130923302,-0.7380579872
0.0131314118,-0.7574954646
0.0131704934,-0.7981176082
0.013209575,-0.6847687235
0.0132486566,-0.5190041696
0.0132877382,-0.8710627479
0.0133268197,-0.9392031178
0.0133659013,-0.8431077243
0.0134049829,-0.5303608979
0.0134440645,-0.5921677079
0.0134831461,-0.8217046594
0.0135222277,-0.6279850819
0.0135613092,-0.6336634460
0.0136003908,-0.5941332955
0.0136394724,-0.8129687145
0.013678554,-0.6821479401
0.0137176356,-0.7122869499
0.0137567171,-0.6271114874
0.0137957987,-0.5803741823
0.0138348803,-0.4499902051
0.0138739619,-0.6832399332
0.0139130435,-0.6889182973
0.0139521251,-0.5897653231
0.0139912066,-0.5954436872
0.0140302882,-0.5943516941
0.0140693698,-0.5722934333
0.0141084514,-0.4314263223
0.014147533,-0.5773166016
0.0141866146,-0.6181571439
0.0142256961,-0.6168467522
0.0142647777,-0.4270583499
0.0143038593,-0.4296791333
0.0143429409,-0.5021874757
0.0143820225,-0.7494147156
0.0144211041,-0.4683356894
0.0144601856,-0.2752713078
0.0144992672,-0.3549868047
0.0145383488,-0.3857810104
0.0145774304,-0.3292157673
0.014616512,-0.3984481304
0.0146555936,-0.5757878113
0.0146946751,-0.5642126843
0.0147337567,-0.5840869589
0.0147728383,-0.6214331232
0.0148119199,-0.3757346738
0.0148510015,-0.3853442131
0.0148900830,-0.3287789701
0.0149291646,-0.2931799947
0.0149682462,-0.4392886727
0.0150073278,-0.3510556295
0.0150464094,-0.5740406223
0.015085491,-0.5764430071
0.0151245725,-0.645238573
0.0151636541,-0.8011751889
0.0152027357,-0.3313997535
0.0152418173,-0.1595200382
0.0152808989,-0.2746161119
0.0153199805,-0.3962641442
0.0153590620,-0.3991033263
0.0153981436,-0.4052184877
0.0154372252,-0.1354961898
0.0154763068,-0.2259132192
0.0155153884,-0.1905326425
0.01555447,-0.1413929526
0.0155935515,-0.211062113
0.0156326331,-0.259546607
0.0156717147,-0.0701950019
0.0157107963,-0.2239476316
0.0157498779,-0.0068594016
0.0157889595,-0.2165220785
0.0158280410,-0.4746692494
0.0158671226,-0.3899305842
0.0159062042,-0.4449670368
0.0159452858,-0.0038018209
0.0159843674,-0.3392621039
0.0160234489,-0.3735506875
0.0160625305,-0.0653902323
0.0161016121,0.0676145284
0.0161406937,-0.219142862
0.0161797753,-0.3235374032
0.0162188569,-0.2180508689
0.0162579384,-0.0009626388
0.0162970200,-0.0568726860
0.0163361016,-0.2036365598
0.0163751832,-0.2311547862
0.0164142648,-0.1119091387
0.0164533464,-0.251465858
0.0164924279,-0.1112539428
0.0165315095,0.1824922034
0.0165705911,-0.0972764310
0.0166096727,0.0774424664
0.0166487543,-0.1741527459
0.0166878359,-0.0621142529
0.0167269174,-0.1317834133
0.0167659990,-0.2783288885
0.0168050806,-0.2848808471
0.0168441622,-0.032630439
0.0168832438,-0.1164955097
0.0169223254,-0.2001421819
0.0169614069,-0.1368065816
0.0170004885,-0.1295994271
0.0170395701,0.1641467192
0.0170786517,-0.0107905768
0.0171177333,-0.0527231122
0.0171568149,-0.066700624
0.0171958964,0.0173828454
0.0172349780,0.0103940895
0.0172740596,-0.0594934695
0.0173131412,-0.0594934695
0.0173522228,0.0944775589
0.0173913043,0.0243716013
0.0174303859,-0.0525047136
0.0174694675,0.0173828454
0.0175085491,0.0313603572
0.0175476307,-0.0315384459
0.0175867123,0.0313603572
0.0176257938,0.1012479161
0.0176648754,0.1918833442
0.0177039570,-0.0391823977
0.0177430386,0.0027501377
0.0177821202,0.0656489408
0.0178212018,0.0376939172
0.0178602833,-0.2280972055
0.0178993649,-0.0739077785
0.0179384465,0.0521082262
0.0179775281,0.0518898276
0.0180166097,0.1217773866
0.0180556913,0.1005927203
0.0180947728,0.1982169042
0.0181338544,0.2536901541
0.0181729360,0.2812083804
0.0182120176,0.4482833261
0.0182510992,0.0560394014
0.0182901808,0.3216121255
0.0183292623,0.4816983152
0.0183683439,0.152134795
0.0184074255,0.1484220184
0.0184465071,0.3159337613
0.0184855887,0.3851661244
0.0185246702,0.3703150181
0.0185637518,0.3731542002
0.0186028334,0.2781507997
0.018641915,0.2215855567
0.0186809966,0.3853845230
0.0187200782,0.3742461933
0.0187591597,0.6109902993
0.0187982413,0.3478199601
0.0188373229,0.1829290007
0.0188764045,0.1720090696
0.0189154861,0.2379654533
0.0189545677,0.3458543725
0.0189936492,0.2962778853
0.0190327308,0.3797061588
0.0190718124,0.6129558869
0.019110894,0.3847293271
0.0191499756,0.4642264255
0.0191890572,0.5367347679
0.0192281387,0.3609238774
0.0192672203,0.4231674846
0.0193063019,0.3873501106
0.0193453835,0.4775487414
0.0193844651,0.4275354570
0.0194235467,0.4895606656
0.0194626282,0.6913609921
0.0195017098,0.6201630414
0.0195407914,0.6293357835
0.019579873,0.3766485781
0.0196189546,0.4107187631
0.0196580362,0.4065691893
0.0196971177,0.4161787287
0.0197361993,0.6494284567
0.0197752809,0.7110168680
0.0198143625,0.6957289645
0.0198534441,0.5616322108
0.0198925256,0.6374165325
0.0199316072,0.555735448
0.0199706888,0.6874298169
0.0200097704,0.5288724175
0.020048852,0.5767017157
0.0200879336,0.6105535020
0.0201270151,0.6162318662
0.0201660967,0.6640611644
0.0202051783,0.6347957490
0.0202442599,0.5635977984
0.0202833415,0.4891238683
0.0203224231,0.6245310138
0.0203615046,0.8887933461
0.0204005862,0.6214734331
0.0204396678,0.714511246
0.0204787494,0.6328301614
0.020517831,0.8970924938
0.0205569126,0.6612219823
0.0205959941,0.8276417320
0.0206350757,0.8261129417
0.0206741573,0.7372247026
0.0207132389,0.9313810774
0.0207523205,0.7933531484
0.0207914021,0.9418642112
0.0208304836,0.8003419043
0.0208695652,0.7254311771
0.0209086468,0.7868011898
0.0209477284,0.8097330451
0.02098681,0.9934062859
0.0210258915,0.9180587614
0.0210649731,0.8918509268
0.0211040547,0.6909241948
0.0211431363,0.8119170313
0.0211822179,0.9429562043
0.0212212995,0.9062652359
0.0212603810,1.0128437633
0.0212994626,1.0073837977
0.0213385442,0.9110700055
0.0213776258,0.9582441078
0.0214167074,0.8794022054
0.021455789,0.7134192529
0.0214948705,0.7854907980
0.0215339521,0.7804676297
0.0215730337,0.8488263984
0.0216121153,0.8820229889
0.0216511969,0.9012420676
0.0216902785,0.8226185637
0.0217293600,0.8350672852
0.0217684416,1.0080389936
0.0218075232,1.0549946973
0.0218466048,0.766490118
0.0218856864,0.8383432645
0.021924768,0.8715398550
0.0219638495,0.8033994850
0.0220029311,0.8577807418
0.0220420127,0.9331282663
0.0220810943,0.7005337342
0.0221201759,0.6328301614
0.0221592574,0.6105535020
0.0221983390,0.8925061227
0.0222374206,1.0619834532
0.0222765022,1.0737769787
0.0223155838,1.0578338794
0.0223546654,1.0311892475
0.0223937469,0.8579991405
0.0224328285,0.8282969279
0.0224719101,0.8337568935
0.0225109917,0.8949085075
0.0225500733,0.9246107201
0.0225891549,0.9368410429
0.0226282364,0.9278866994
0.0226673180,0.8946901089
0.0227063996,0.8999316758
0.0227454812,0.891195731
0.0227845628,0.7461790461
0.0228236444,0.8494815942
0.0228627259,0.7501102213
0.0229018075,0.6402557146
0.0229408891,0.6808778582
0.0229799707,0.7634325372
0.0230190523,0.7619037469
0.0230581339,0.7079592873
0.0230972154,0.7590645648
0.0231362970,0.7610301524
0.0231753786,0.7315463385
0.0232144602,0.6673371437
0.0232535418,0.7533862006
0.0232926234,0.7029361190
0.0233317049,0.7330751288
0.0233707865,0.6931081810
0.0234098681,0.7686741042
0.0234489497,0.5959207944
0.0234880313,0.8009971002
0.0235271128,0.7365695068
0.0235661944,0.7455238503
0.0236052760,0.8418376425
0.0236443576,0.8438032301
0.0236834392,0.7791572380
0.0237225208,0.8719766523
0.0237616023,0.8562519515
0.0238006839,0.931599476
0.0238397655,1.0065102032
0.0238788471,0.8612751198
0.0239179287,1.0449483607
0.0239570103,0.875034233
0.0239960918,1.0235452957
0.0240351734,0.7280519605
0.0240742550,0.6603483878
0.0241133366,0.6800042637
0.0241524182,0.8569071474
0.0241914998,0.9949350763
0.0242305813,0.9789919769
0.0242696629,0.6800042637
0.0243087445,0.7905139663
0.0243478261,0.8064570657
0.0243869077,0.6686475354
0.0244259893,0.8315729072
0.0244650708,0.8403088521
0.0245041524,0.8282969279
0.0245432340,0.7147296446
0.0245823156,0.7239023867
0.0246213972,0.7503286199
0.0246604787,0.7629957400
0.0246995603,0.7265231702
0.0247386419,0.8403088521
0.0247777235,0.82480255
0.0248168051,0.8789654082
0.0248558867,0.9508185547
0.0248949682,0.690268999
0.0249340498,0.8846437723
0.0249731314,1.0017054336
0.025012213,0.6677739409
0.0250512946,0.8272049348
0.0250903762,0.9687272417
0.0251294577,1.0054182101
0.0251685393,0.9021156621
0.0252076209,0.8374696700
0.0252467025,0.7273967647
0.0252857841,0.6282437904
0.0253248657,0.4941470366
0.0253639472,0.6679923395
0.0254030288,0.6492100581
0.0254421104,0.6688659340
0.025481192,0.6046567392
0.0255202736,0.5579194342
0.0255593552,0.4869398821
0.0255984367,0.4860662876
0.0256375183,0.6669003464
0.0256765999,0.5782305060
0.0257156815,0.5664369804
0.0257547631,0.7156032391
0.0257938447,0.6339221546
0.0258329262,0.4823535111
0.0258720078,0.4115923576
0.0259110894,0.3827637396
0.025950171,0.5987599765
0.0259892526,0.3004274592
0.0260283341,0.1462380322
0.0260674157,0.3379920221
0.0261064973,0.5574826369
0.0261455789,0.4899974628
0.0261846605,0.3388656166
0.0262237421,0.2753116177
0.0262628236,0.4074427838
0.0263019052,0.4347426115
0.0263409868,0.0914199781
0.0263800684,0.2239879415
0.02641915,0.3423599945
0.0264582316,0.4185811135
0.0264973131,0.3023930468
0.0265363947,0.2353446699
0.0265754763,0.2384022506
0.0266145579,0.3218305241
0.0266536395,0.1848945883
0.0266927211,0.2438622161
0.0267318026,0.1350997025
0.0267708842,-0.0118825699
0.0268099658,-0.0433319715
0.0268490474,0.0999375244
0.026888129,0.2394942437
0.0269272106,0.204113667
0.0269662921,0.2106656256
0.0270053737,0.1300765342
0.0270444553,0.1645835164
0.0270835369,0.0385675117
0.0271226185,0.0837760264
0.0271617000,0.1676410971
0.0272007816,0.1322605204
0.0272398632,0.0202220275
0.0272789448,-0.0077329961
0.0273180264,-0.084609311
0.027357108,-0.0913796682
0.0273961895,0.0623729615
0.0274352711,-0.0075145975
0.0274743527,0.0344179379
0.0275134343,-0.1437953375
0.0275525159,0.0940407616
0.0275915975,-0.0564358888
0.0276306790,-0.1822334949
0.0276697606,-0.0280440679
0.0277088422,-0.16083043
0.0277479238,-0.0695398061
0.0277870054,-0.2163036799
0.027826087,-0.1529680796
0.0278651685,-0.2785472871
0.0279042501,-0.225476422
0.0279433317,-0.4871179708
0.0279824133,-0.3429748805
0.0280214949,-0.1641064093
0.0280605765,-0.3069391079
0.0280996580,-0.3973561373
0.0281387396,-0.3091230941
0.0281778212,-0.4202879926
0.0282169028,-0.3742058834
0.0282559844,-0.2999503520
0.028295066,-0.5336368773
0.0283341475,-0.5954436872
0.0283732291,-0.4019425084
0.0284123107,-0.5410624304
0.0284513923,-0.494543524
0.0284904739,-0.4587261500
0.0285295554,-0.4578525555
0.0285686370,-0.3521476226
0.0286077186,-0.5155097917
0.0286468002,-0.6509169372
0.0286858818,-0.4644045142
0.0287249634,-0.6592160848
0.0287640449,-0.6893550946
0.0288031265,-0.4958539157
0.0288422081,-0.5821213713
0.0288812897,-0.5495799767
0.0289203713,-0.7511619045
0.0289594529,-0.7987728041
0.0289985344,-0.6714464076
0.0290376160,-0.6282034805
0.0290766976,-0.6059268211
0.0291157792,-0.7655762136
0.0291548608,-1.0016651237
0.0291939424,-0.9507782448
0.0292330239,-0.8789250982
0.0292721055,-0.7655762136
0.0293111871,-0.5508903684
0.0293502687,-0.5952252886
0.0293893503,-0.8387397518
0.0294284319,-0.7566218701
0.0294675134,-0.5314528911
0.0295065950,-0.9359271385
0.0295456766,-0.7557482756
0.0295847582,-0.7612082411
0.0296238398,-0.7004934243
0.0296629213,-0.6605264765
0.0297020029,-0.8131871131
0.0297410845,-0.6611816724
0.0297801661,-0.9429158944
0.0298192477,-1.1333594926
0.0298583293,-0.8656027823
0.0298974108,-0.8778331051
0.0299364924,-0.9529622310
0.0299755740,-0.8324061918
0.0300146556,-0.5476143891
0.0300537372,-0.6935046684
0.0300928188,-0.7863240826
0.0301319003,-0.7603346466
0.0301709819,-0.7310692313
0.0302100635,-0.9881244091
0.0302491451,-1.0350801128
0.0302882267,-0.7395867776
0.0303273083,-0.7240804754
0.0303663898,-0.7437363514
0.0304054714,-0.6373762226
0.0304445530,-0.9437894889
0.0304836346,-0.8649475865
0.0305227162,-0.9472838669
0.0305617978,-0.9523070352
0.0306008793,-1.0449080508
0.0306399609,-0.881982679
0.0306790425,-0.8313141987
0.0307181241,-0.7389315817
0.0307572057,-0.8352453739
0.0307962872,-1.0189186148
0.0308353688,-0.9750204918
0.0308744504,-0.9206392350
0.030913532,-0.9922739829
0.0309526136,-1.0532071984
0.0309916952,-1.0966685241
0.0310307767,-0.9616981759
0.0310698583,-1.1379458636
0.0311089399,-0.9820092477
0.0311480215,-0.9730549042
0.0311871031,-1.0901165655
0.0312261847,-1.0949213352
0.0312652662,-1.0647823254
0.0313043478,-0.9440078875
0.0313434294,-1.1027836855
0.031382511,-1.1392562554
0.0314215926,-1.2312020751
0.0314606742,-1.1064964621
0.0314997557,-1.0136770479
0.0315388373,-1.0114930616
0.0315779189,-1.2052126391
0.0316170005,-1.0492760232
0.0316560821,-1.0715526826
0.0316951637,-1.0276545597
0.0317342452,-1.1305203105
0.0317733268,-1.0235049858
0.0318124084,-1.1121748263
0.03185149,-0.781519313
0.0318905716,-0.8221414566
0.0319296532,-0.9566750076
0.0319687347,-1.0003547319
0.0320078163,-1.1731080417
0.0320468979,-0.8142791062
0.0320859795,-0.6520089303
0.0321250611,-0.7939680344
0.0321641426,-0.9182368502
0.0322032242,-1.2379724324
0.0322423058,-1.0783230399
0.0322813874,-0.8804538886
0.032320469,-0.9066617232
0.0323595506,-0.9538358255
0.0323986321,-1.0149874396
0.0324377137,-0.8732467341
0.0324767953,-0.8016119862
0.0325158769,-0.8769595107
0.0325549585,-0.854246054
0.0325940401,-0.9713077152
0.0326331216,-0.8787066996
0.0326722032,-0.7930944399
0.0327112848,-0.9103744998
0.0327503664,-0.7793353267
0.032789448,-0.7987728041
0.0328285296,-0.7553114783
0.0328676111,-0.7992096013
0.0329066927,-0.7487595197
0.0329457743,-0.6109499894
0.0329848559,-0.7391499803
0.0330239375,-0.8739019299
0.0330630191,-0.7847952923
0.0331021006,-0.7203676989
0.0331411822,-0.7714729764
0.0331802638,-0.8852586583
0.0332193454,-1.0162978313
0.033258427,-0.9199840391
0.0332975085,-0.5757878113
0.0333365901,-0.5362576607
0.0333756717,-0.7238620768
0.0334147533,-0.6524457275
0.0334538349,-0.6373762226
0.0334929165,-0.6081108073
0.0335319980,-0.6838951290
0.0335710796,-0.8363373670
0.0336101612,-0.8625452016
0.0336492428,-0.5253377296
0.0336883244,-0.5629022926
0.033727406,-0.7400235748
0.0337664875,-0.6686072255
0.0338055691,-0.6113867866
0.0338446507,-0.6312610612
0.0338837323,-0.8955233935
0.0339228139,-0.7470123307
0.0339618955,-0.6022140445
0.0340009770,-0.7898184606
0.0340400586,-0.8162446938
0.0340791402,-0.7378395886
0.0341182218,-0.6105131921
0.0341573034,-0.4521741914
0.034196385,-0.3988849277
0.0342354665,-0.6461121675
0.0342745481,-0.5679254609
0.0343136297,-0.5353840662
0.0343527113,-0.5799373851
0.0343917929,-0.3340205370
0.0344308745,-0.1586464437
0.0344699560,-0.4170120133
0.0345090376,-0.402160907
0.0345481192,-0.4713932701
0.0345872008,-0.4565421638
0.0346262824,-0.5325448842
0.0346653639,-0.4545765762
0.0347044455,-0.4816580053
0.0347435271,-0.3407908943
0.0347826087,-0.4729220604
0.0348216903,-0.4720484659
0.0348607719,-0.2754897064
0.0348998534,-0.2296259958
0.0349389350,-0.5716382375
0.0349780166,-0.3781370586
0.0350170982,-0.2446955007
0.0350561798,-0.4294607347
0.0350952614,-0.3586995813
0.0351343429,-0.5362576607
0.0351734245,-0.4058736836
0.0352125061,-0.4226903774
0.0352515877,-0.2296259958
0.0352906693,-0.2501554663
0.0353297509,-0.319606228
0.0353688324,-0.3573891895
0.0354079140,-0.2868464347
0.0354469956,-0.2931799947
0.0354860772,-0.3309629563
0.0355251588,-0.3932065635
0.0355642404,-0.3366413205
0.0356033219,-0.0599302667
0.0356424035,-0.3217902142
0.0356814851,-0.4925779364
0.0357205667,-0.2119357074
0.0357596483,-0.3338021384
0.0357987298,-0.2597650056
0.0358378114,-0.2418563186
0.0358768930,-0.2239476316
0.0359159746,-0.1920614329
0.0359550562,-0.0867932972
0.0359941378,-0.0483551398
0.0360332193,0.0497058414
0.0360723009,-0.2335571710
0.0361113825,-0.1946822163
0.0361504641,-0.0544703012
0.0361895457,-0.1835438866
0.0362286273,-0.1134379290
0.0362677088,-0.2460058924
0.0363067904,-0.3399172998
0.0363458720,-0.2763633009
0.0363849536,-0.2442587035
0.0364240352,-0.2752713078
0.0364631168,-0.1525312823
0.0365021983,-0.2743977133
0.0365412799,0.0160724536
0.0365803615,-0.0573094833
0.0366194431,-0.1724055569
0.0366585247,-0.2665353629
0.0366976063,-0.1612672272
0.0367366878,0.0278659792
0.0367757694,0.045337869
0.0368148510,-0.1645432065
0.0368539326,-0.2864096375
0.0368930142,-0.2335571710
0.0369320957,-0.2401091297
0.0369711773,0.0084285019
0.0370102589,0.0818104388
0.0370493405,0.0431538827
0.0370884221,-0.0721605895
0.0371275037,0.0293947696
0.0371665852,-0.0581830777
0.0372056668,0.001439746
0.0372447484,-0.0859197027
0.03728383,-0.1206450836
0.0373229116,0.0403147007
0.0373619932,0.0121412785
0.0374010747,0.0400963020
0.0374401563,0.0680513256
0.0374792379,-0.0160321437
0.0375183195,-0.0265152776
0.0375574011,-0.0824253248
0.0375964827,-0.0332856349
0.0376355642,-0.1451057292
0.0376746458,-0.008388192
0.0377137274,0.0405330993
0.037752809,0.1381572832
0.0377918906,0.1204669948
0.0378309722,0.1062710844
0.0378700537,0.1409964653
0.0379091353,0.1722274682
0.0379482169,0.2871051432
0.0379872985,0.2028032752
0.0380263801,0.1010295175
0.0380654617,0.2231143471
0.0381045432,0.1877337703
0.0381436248,0.2187463746
0.0381827064,0.1309501287
0.038221788,0.2600237141
0.0382608696,0.3399576097
0.0382999511,0.2065160518
0.0383390327,0.0348547351
0.0383781143,-0.0282624666
0.0384171959,0.0278659792
0.0384562775,0.2093552339
0.0384953591,0.3486935546
0.0385344406,0.3061058233
0.0385735222,0.4559272778
0.0386126038,0.370970214
0.0386516854,0.4716519786
0.038690767,0.2715988411
0.0387298486,0.4177075190
0.0387689301,0.3052322288
0.0388080117,0.3954308596
0.0388470933,0.4434785564
0.0388861749,0.4635712296
0.0389252565,0.2949674936
0.0389643381,0.2943122977
0.0390034196,0.3637630595
0.0390425012,0.2967146826
0.0390815828,0.4113739590
0.0391206644,0.3755565850
0.039159746,0.2945306964
0.0391988276,0.6258414056
0.0392379091,0.6037831448
0.0392769907,0.4452257454
0.0393160723,0.5666553791
0.0393551539,0.5865296536
0.0393942355,0.5854376605
0.0394333170,0.6120822924
0.0394723986,0.4747095593
0.0395114802,0.529746012
0.0395505618,0.4482833261
0.0395896434,0.4054771962
0.039628725,0.5164236961
0.0396678065,0.421201897
0.0397068881,0.4937102394
0.0397459697,0.6044383406
0.0397850513,0.5334587886
0.0398241329,0.6232206221
0.0398632145,0.7619037469
0.0399022960,0.8162850037
0.0399413776,0.6537964291
0.0399804592,0.6806594596
0.0400195408,0.4869398821
0.0400586224,0.7865827912
0.040097704,0.638290127
0.0401367855,0.7662717193
0.0401758671,0.7263047716
0.0402149487,0.6516124429
0.0402540303,0.4755831538
0.0402931119,0.7367879054
0.0403321935,0.8400904535
0.0403712750,0.6288989863
0.0404103566,0.5052853664
0.0404494382,0.5496202866
0.0404885198,0.6568540098
0.0405276014,0.9003684731
0.040566683,0.5701497570
0.0406057645,0.6177606565
0.0406448461,0.7564437814
0.0406839277,0.5906792275
0.0407230093,0.6454972815
0.0407620909,0.7734788738
0.0408011724,0.8558151542
0.0408402540,0.8540679653
0.0408793356,0.6987865452
0.0409184172,0.7356959123
0.0409574988,0.6749810954
0.0409965804,0.4605136489
0.0410356619,0.7042465108
0.0410747435,0.7865827912
0.0411138251,0.907357229
0.0411529067,0.9824863549
0.0411919883,1.0294420585
0.0412310699,0.9016788648
0.0412701514,0.9104148097
0.0413092330,0.9820495576
0.0413483146,0.9241739229
0.0413873962,1.0132805605
0.0414264778,1.0113149729
0.0414655594,0.9639224720
0.0415046409,0.9829231521
0.0415437225,0.8935981158
0.0415828041,0.8009971002
0.0416218857,0.9357490498
0.0416609673,0.9302890843
0.0417000489,0.8935981158
0.0417391304,1.0281316668
0.0417782120,1.0680986146
0.0418172936,0.8737238412
0.0418563752,0.7044649094
0.0418954568,0.8566887487
0.0419345383,0.9248291187
0.0419736199,0.9685088431
0.0420127015,0.8304809141
0.0420517831,0.9615200872
0.0420908647,0.8302625155
0.0421299463,0.5876216467
0.0421690278,0.8521023777
0.0422081094,1.0041078184
0.0422471910,1.0196141206
0.0422862726,0.8708846591
0.0423253542,1.1032607927
0.0423644358,1.0137173578
0.0424035173,0.9418642112
0.0424425989,0.9820495576
0.0424816805,1.0080389936
0.0425207621,1.1004216106
0.0425598437,0.8256761444
0.0425989253,0.7018441259
0.0426380068,0.7771916504
0.0426770884,0.7791572380
0.0427161700,0.6308645739
0.0427552516,0.8359408797
0.0427943332,0.8586543363
0.0428334148,0.8254577458
0.0428724963,0.9217715380
0.0429115779,0.9095412152
0.0429506595,0.7365695068
0.0429897411,0.7525126062
0.0430288227,0.7894219732
0.0430679043,0.5607586163
0.0431069858,0.7134192529
0.0431460674,0.6981313493
0.043185149,0.6232206221
0.0432242306,0.6186342510
0.0432633122,0.6452788829
0.0433023937,0.4624792365
0.0433414753,0.3984884403
0.0433805569,0.7088328818
0.0434196385,0.5430683279
0.0434587201,0.706430497
0.0434978017,0.5651265887
0.0435368832,0.7247759812
0.0435759648,0.9296338884
0.0436150464,0.8053650726
0.043654128,0.9925326915
0.0436932096,0.9870727259
0.0437322912,0.8942533117
0.0437713727,0.6968209576
0.0438104543,0.8772182192
0.0438495359,0.9523473451
0.0438886175,1.023982093
0.0439276991,0.9134723904
0.0439667807,0.9920958942
0.0440058622,1.1928042276
0.0440449438,1.2430359106
0.0440840254,1.1288134314
0.044123107,0.8224001651
0.0441621886,0.7929163512
0.0442012702,0.9101964111
0.0442403517,0.6673371437
0.0442794333,0.8267681376
0.0443185149,0.8145378147
0.0443575965,0.7990315126
0.0443966781,0.7800308325
0.0444357596,0.6352325463
0.0444748412,0.5640345956
0.0445139228,0.7586277676
0.0445530044,0.7780652449
0.044592086,0.8988396827
0.0446311676,0.8097330451
0.0446702491,0.7697660973
0.0447093307,0.7822148187
0.0447484123,0.6793490679
0.0447874939,0.8842069751
0.0448265755,0.7077408887
0.0448656571,0.7448686544
0.0449047386,0.7922611553
0.0449438202,0.9165299711
0.0449829018,0.8379064673
0.0450219834,0.6684291368
0.045061065,0.6636243671
0.0451001466,0.7916059595
0.0451392281,0.9018972634
0.0451783097,0.7219367991
0.0452173913,0.9265763077
0.0452564729,0.7466158434
0.0452955545,0.9058284386
0.0453346361,0.6944185728
0.0453737176,0.7315463385
0.0454127992,0.5485282935
0.0454518808,0.6592563947
0.0454909624,0.6334853573
0.045530044,0.5273436271
0.0455691255,0.6275885945
0.0456082071,0.4133395466
0.0456472887,0.3775221726
0.0456863703,0.4572376696
0.0457254519,0.5889320385
0.0457645335,0.5354243762
0.0458036150,0.6147030758
0.0458426966,0.5926448150
0.0458817782,0.2593685183
0.0459208598,0.2239879415
0.0459599414,0.11173105
0.045999023,0.1604339426
0.0460381045,0.3349344414
0.0460771861,0.1770322379
0.0461162677,0.0577865904
0.0461553493,0.246264601
0.0461944309,0.1864233786
0.0462335125,0.4797327276
0.0462725940,0.3144049709
0.0463116756,0.7051201052
0.0463507572,0.4347426115
0.0463898388,0.3325320566
0.0464289204,0.0488322469
0.046468002,0.0942591602
0.0465070835,0.1464564308
0.0465461651,0.1460196336
0.0465852467,0.2541269513
0.0466243283,-0.0293544597
0.0466634099,0.3899708941
0.0467024915,0.3928100762
0.0467415730,0.1333525135
0.0467806546,-0.275708105
0.0468197362,-0.0306648514
0.0468588178,0.2211487595
0.0468978994,0.1787794268
0.0469369809,0.1573763619
0.0469760625,0.1709170765
0.0470151441,0.1706986778
0.0470542257,0.3973964472
0.0470933073,0.1451460391
0.0471323889,0.2635180921
0.0471714704,0.2945306964
0.0472105520,0.2100104298
0.0472496336,-0.0173425355
0.0472887152,0.0560394014
0.0473277968,0.0103940895
0.0473668784,-0.1468529182
0.0474059599,-0.0383088032
0.0474450415,-0.0520679163
0.0474841231,-0.0380904045
0.0475232047,-0.076528562
0.0475622863,-0.0134113603
0.0476013679,0.0599705766
0.0476404494,-0.1741527459
0.0476795310,-0.125013056
0.0477186126,-0.1073227676
0.0477576942,0.0536370166
0.0477967758,-0.110598747
0.0478358574,-0.1872566632
0.0478749389,-0.1520944851
0.0479140205,-0.3543316088
0.0479531021,-0.3501820350
0.0479921837,-0.2656617684
0.0480312653,-0.2966743727
0.0480703468,-0.3134910666
0.0481094284,-0.4106784532
0.0481485100,-0.2842256512
0.0481875916,-0.2276604082
0.0482266732,-0.2062573433
0.0482657548,-0.4015057111
0.0483048363,-0.2820416650
0.0483439179,-0.361757162
0.0483829995,-0.5497983753
0.0484220811,-0.5801557837
0.0484611627,-0.5965356803
0.0485002443,-0.5779717975
0.0485393258,-0.6013404500
0.0485784074,-0.4951987198
0.0486174890,-0.5222801489
0.0486565706,-0.5141993999
0.0486956522,-0.6146627659
0.0487347338,-0.5329816814
0.0487738153,-0.4130808381
0.0488128969,-0.4019425084
0.0488519785,-0.5548215436
0.0488910601,-0.7144709361
0.0489301417,-0.9193288433
0.0489692233,-0.7708177805
0.0490083048,-0.5211881558
0.0490473864,-0.6423993909
0.0490864680,-0.5781901961
0.0491255496,-0.8147159035
0.0491646312,-0.7502883100
0.0492037128,-0.6299506695
0.0492427943,-0.7267012589
0.0492818759,-0.6517905316
0.0493209575,-0.7273564548
0.0493600391,-0.8238886456
0.0493991207,-0.6755959814
0.0494382022,-0.5240273379
0.0494772838,-0.8409237381
0.0495163654,-0.9265359978
0.049555447,-0.6871711084
0.0495945286,-0.7767145433
0.0496336102,-0.7821745088
0.0496726917,-0.8155894979
0.0497117733,-0.7371843927
0.0497508549,-0.8055431613
0.0497899365,-0.7830481033
0.0498290181,-0.8269462263
0.0498680997,-0.7904736564
0.0499071812,-0.9287199840
0.0499462628,-1.1154508056
0.0499853444,-0.8616716071
0.050024426,-0.7238620768
0.0500635076,-0.9319959633
0.0501025892,-0.8603612154
0.0501416707,-0.7817377116
0.0501807523,-0.7522538976
0.0502198339,-0.7264828603
0.0502589155,-0.8367741643
0.0502979971,-1.1217843656
0.0503370787,-0.8924658128
0.0503761602,-0.7963704192
0.0504152418,-0.7564034715
0.0504543234,-0.8562116416
0.050493405,-0.6797455552
0.0505324866,-1.0698054937
0.0505715681,-1.1551993548
0.0506106497,-0.8872242459
0.0506497313,-0.8365557656
0.0506888129,-0.8280382194
0.0507278945,-0.9697789249
0.0507669761,-1.0796334316
0.0508060576,-0.8607980126
0.0508451392,-1.1632801038
0.0508842208,-1.1049676718
0.0509233024,-1.0363905045
0.050962384,-1.1846831687
0.0510014656,-1.1440610250
0.0510405471,-1.1975686874
0.0510796287,-1.3386541970
0.0511187103,-1.1263707367
0.0511577919,-0.9494678531
0.0511968735,-0.9020753522
0.0512359551,-0.914305675
0.0512750366,-0.9999179347
0.0513141182,-1.1936375122
0.0513531998,-1.1143588125
0.0513922814,-1.105404469
0.051431363,-0.8166814911
0.0514704446,-0.8463837036
0.0515095261,-0.9426974958
0.0515486077,-0.9232600185
0.0515876893,-0.9215128295
0.0516267709,-0.7135973416
0.0516658525,-0.8345901780
0.0517049340,-1.0110562644
0.0517440156,-1.2222477316
0.0517830972,-1.0905533627
0.0518221788,-1.1060596649
0.0518612604,-0.8348085767
0.051900342,-0.8330613877
0.0519394235,-0.9643189593
0.0519785051,-0.9518702379
0.0520175867,-1.1597857258
0.0520566683,-0.9756756877
0.0520957499,-0.6384682157
0.0521348315,-0.7350004065
0.0521739130,-0.8592692223
0.0522129946,-0.9695605263
0.0522520762,-1.0304937417
0.0522911578,-0.8852586583
0.0523302394,-0.9778596739
0.052369321,-0.8500964802
0.0524084025,-1.0477472329
0.0524474841,-0.8428893257
0.0524865657,-0.9671581414
0.0525256473,-1.1084620497
0.0525647289,-0.8651659851
0.0526038105,-0.7343452107
0.0526428920,-0.890063428
0.0526819736,-1.0490576246
0.0527210552,-0.8129687145
0.0527601368,-0.6541929165
0.0527992184,-0.6354106350
0.0528383,-0.5083026372
0.0528773815,-0.6052716252
0.0529164631,-0.8066351545
0.0529555447,-0.6723200021
0.0529946263,-0.8597060195
0.0530337079,-0.7042062009
0.0530727894,-0.7098845650
0.0531118710,-0.8238886456
0.0531509526,-0.6998382284
0.0531900342,-0.8383029546
0.0532291158,-0.8961785894
0.0532681974,-0.6498249440
0.0533072789,-0.6589976862
0.0533463605,-0.8009567903
0.0533854421,-0.7260460630
0.0534245237,-0.5602815091
0.0534636053,-0.562683894
0.0535026869,-0.7083557747
0.0535417684,-0.7734385639
0.0535808500,-0.5832133644
0.0536199316,-0.7568402687
0.0536590132,-0.7413339666
0.0536980948,-0.8203942676
0.0537371764,-0.6509169372
0.0537762579,-0.7861056840
0.0538153395,-0.7601162480
0.0538544211,-0.5559135367
0.0538935027,-0.6107315907
0.0539325843,-0.6303874667
0.0539716659,-0.6362842295
0.0540107474,-0.6000300583
0.0540498290,-0.6199043329
0.0540889106,-0.4438750437
0.0541279922,-0.5093946303
0.0541670738,-0.5679254609
0.0542061553,-0.7101029636
0.0542452369,-0.460473339
0.0542843185,-0.5085210358
0.0543234001,-0.5530743546
0.0543624817,-0.3737690862
0.0544015633,-0.3137094652
0.0544406448,-0.3654699385
0.0544797264,-0.1828886908
0.0545188080,-0.2176140716
0.0545578896,-0.2695929436
0.0545969712,-0.4089312643
0.0546360528,-0.4150464257
0.0546751343,-0.4036896973
0.0547142159,-0.3086862969
0.0547532975,-0.4967275102
0.0547923791,-0.4888651598
0.0548314607,-0.5297057021
0.0548705423,-0.325939788
0.0549096238,-0.3744242820
0.0549487054,-0.3246293963
0.0549877870,-0.4148280270
0.0550268686,-0.4595997445
0.0550659502,-0.6579056930
0.0551050318,-0.4154832229
0.0551441133,-0.3027895341
0.0551831949,-0.319606228
0.0552222765,-0.4309895251
0.0552613581,-0.5489247808
0.0553004397,-0.3381701108
0.0553395213,-0.3899305842
0.0553786028,-0.2492818718
0.0554176844,-0.2977663658
0.055456766,-0.3180774376
0.0554958476,-0.3595731757
0.0555349292,-0.4006321166
0.0555740107,-0.3231006059
0.0556130923,-0.2665353629
0.0556521739,-0.3010423451
0.0556912555,-0.2025445667
0.0557303371,-0.3279053756
0.0557694187,-0.2923064003
0.0558085002,-0.2010157764
0.0558475818,-0.2425115145
0.0558866634,-0.2840072526
0.055925745,-0.2204532537
0.0559648266,-0.1780839211
0.0560039082,-0.0870116958
0.0560429897,-0.0658270295
0.0560820713,-0.1844174811
0.0561211529,-0.2960191768
0.0561602345,-0.2324651779
0.0561993161,-0.1691295776
0.0562383977,-0.3086862969
0.0562774792,-0.2870648333
0.0563165608,-0.1815782990
0.0563556424,-0.0485735384
0.056394724,-0.1392089664
0.0564338056,-0.1180243001
0.0564728872,-0.0758733661
0.0565119687,0.0431538827
0.0565510503,-0.0618958543
0.0565901319,-0.0337224321
0.0566292135,-0.1804863059
0.0566682951,-0.026296879
0.0567073766,0.0366019241
0.0567464582,0.0503610373
0.0567855398,-0.0614590571
0.0568246214,-0.0964028365
0.056863703,-0.2709033353
0.0569027846,-0.0116641713
0.0569418661,0.03725712
0.0569809477,0.1209037921
0.0570200293,-0.0400559921
0.0570591109,0.0440274772
0.0570981925,-0.0749997716
0.0571372741,-0.0468263494
0.0571763556,0.0090836978
0.0572154372,-0.0887588848
0.0572545188,0.1071446789
0.0572936004,0.1838025951
0.057332682,0.2602421128
0.0573717636,0.0780976622
0.0574108451,0.0848680195
0.0574499267,0.1335709121
0.0574890083,-0.0134113603
0.0575280899,0.0704537105
0.0575671715,0.0704537105
0.0576062531,0.2030216739
0.0576453346,0.1606523412
0.0576844162,-0.1191162932
0.0577234978,0.0278659792
0.0577625794,0.2792427928
0.057801661,0.2368734602
0.0578407426,0.3272904896
0.0578798241,0.2847027584
0.0579189057,0.053418618
0.0579579873,0.0324523503
0.0579970689,0.2139416049
0.0580361505,0.2766220094
0.0580752320,0.2235511443
0.0581143136,0.1986537014
0.0581533952,0.0374755186
0.0581924768,0.1143518334
0.0582315584,0.3098185999
0.05827064,0.2252983333
0.0583097215,0.3995804334
0.0583488031,0.3427967918
0.0583878847,0.3421415959
0.0584269663,0.3484751559
0.0584660479,0.3023930468
0.0585051295,0.3925916775
0.0585442110,0.3569927022
0.0585832926,0.0313603572
0.0586223742,0.2757484149
0.0586614558,0.3626710664
0.0587005374,0.4388921853
0.058739619,0.3960860555
0.0587787005,0.3987068389
0.0588177821,0.3873501106
0.0588568637,0.5649081901
0.0588959453,0.3471647642
0.0589350269,0.2836107653
0.0589741085,0.3248881048
0.0590131900,0.6527044360
0.0590522716,0.4836639028
0.0590913532,0.4478465288
0.0591304348,0.3700966195
0.0591695164,0.4463177385
0.0592085979,0.3301296717
0.0592476795,0.4622608379
0.0592867611,0.5138029126
0.0593258427,0.5336771872
0.0593649243,0.4312482336
0.0594040059,0.5666553791
0.0594430874,0.3524063311
0.0594821690,0.4076611824
0.0595212506,0.4487201233
0.0595603322,0.6190710483
0.0595994138,0.4362714019
0.0596384954,0.5716785474
0.0596775769,0.4972046173
0.0597166585,0.447191333
0.0597557401,0.5721153446
0.0597948217,0.4696863910
0.0598339033,0.5771385129
0.0598729849,0.5970127875
0.0599120664,0.6166686634
0.0599511480,0.4338690170
0.0599902296,0.5238492492
0.0600293112,0.6136110827
0.0600683928,0.6789122706
0.0601074744,0.5413211389
0.0601465559,0.4948022325
0.0601856375,0.4867214835
0.0602247191,0.4963310229
0.0602638007,0.6385085256
0.0603028823,0.7212816033
0.0603419638,0.6603483878
0.0603810454,0.6136110827
0.0604201270,0.6859010265
0.0604592086,0.5587930287
0.0604982902,0.5227572561
0.0605373718,0.5670921763
0.0605764533,0.6149214745
0.0606155349,0.5716785474
0.0606546165,0.7732604752
0.0606936981,0.9359674484
0.0607327797,0.6546700236
0.0607718613,0.6673371437
0.0608109428,0.6625323740
0.0608500244,0.6647163602
0.0608891060,0.8101698423
0.0609281876,0.8925061227
0.0609672692,0.7579725717
0.0610063508,0.7564437814
0.0610454323,0.9995214474
0.0610845139,1.1128703320
0.0611235955,0.8660798895
0.0611626771,0.89927648
0.0612017587,0.7332935274
0.0612408403,0.7878931829
0.0612799218,0.9540945340
0.0613190034,0.9730952141
0.0613580850,0.9746240045
0.0613971666,0.8331016976
0.0614362482,0.8942533117
0.0614753298,0.7422478709
0.0615144113,0.7234655895
0.0615534929,0.9910039011
0.0615925745,0.9820495576
0.0616316561,0.8438032301
0.0616707377,0.7479262351
0.0617098192,1.0189589247
0.0617489008,0.9226451325
0.0617879824,0.6168870621
0.061827064,1.0139357564
0.0618661456,0.9071388304
0.0619052272,0.6747626968
0.0619443087,0.6944185728
0.0619833903,0.9132539918
0.0620224719,0.9567153175
0.0620615535,0.8047098768
0.0621006351,0.9394618264
0.0621397167,0.9689456403
0.0621787982,0.8446768245
0.0622178798,0.7418110737
0.0622569614,0.7507654172
0.062296043,0.8263313403
0.0623351246,0.8106066395
0.0623742062,0.9698192348
0.0624132877,1.0342468282
0.0624523693,0.8785286109
0.0624914509,0.8418376425
0.0625305325,0.6968209576
0.0625696141,0.5522410700
0.0626086957,0.7643061317
0.0626477772,0.8151930106
0.0626868588,0.7857091967
0.0627259404,0.8121354299
0.062765022,0.7337303247
0.0628041036,0.9977742584
0.0628431851,0.9958086708
0.0628822667,0.9623936817
0.0629213483,0.8767814219
0.0629604299,0.7527310048
0.0629995115,0.7407190806
0.0630385931,0.6133926841
0.0630776746,0.7835252104
0.0631167562,0.7016257273
0.0631558378,0.8084226533
0.0631949194,0.7230287922
0.063234001,0.7531678020
0.0632730826,0.6013807599
0.0633121641,0.6806594596
0.0633512457,0.7525126062
0.0633903273,0.5869664509
0.0634294089,0.7813412242
0.0634684905,0.772823678
0.0635075721,0.8798390026
0.0635466536,1.0842601126
0.0635857352,0.907357229
0.0636248168,0.8182505913
0.0636638984,0.8269865362
0.06370298,0.9722216196
0.0637420616,1.1973905987
0.0637811431,1.2581054155
0.0638202247,1.1122151362
0.0638593063,0.7396270875
0.0638983879,0.6824066486
0.0639374695,0.9606464927
0.0639765511,1.0110965743
0.0640156326,0.7994683098
0.0640547142,0.7105800708
0.0640937958,0.7474894379
0.0641328774,0.8055834712
0.064171959,0.891195731
0.0642110405,1.0711561953
0.0642501221,0.9538761354
0.0642892037,0.5465627059
0.0643282853,0.6258414056
0.0643673669,0.8029626878
0.0644064485,0.7522942075
0.0644455300,0.6181974538
0.0644846116,0.6693027313
0.0645236932,0.8112618354
0.0645627748,0.8027442892
0.0646018564,0.6544516250
0.064640938,0.7999051071
0.0646800195,0.7739156711
0.0647191011,0.8597463294
0.0647581827,0.9069204317
0.0647972643,0.8213081720
0.0648363459,0.8440216287
0.0648754275,0.7656165235
0.0649145090,0.7466158434
0.0649535906,0.7450870530
0.0649926722,0.5795408977
0.0650317538,0.7913875608
0.0650708354,0.8143194161
0.065109917,0.8267681376
0.0651489985,0.9021156621
0.0651880801,0.9492897644
0.0652271617,0.8110434368
0.0652662433,0.7850540008
0.0653053249,0.8044914781
0.0653444064,0.7049017066
0.0653834880,0.6931081810
0.0654225696,0.6987865452
0.0654616512,0.7044649094
0.0655007328,0.8042730795
0.0655398144,0.6629691712
0.0655788959,0.7909507636
0.0656179775,0.7684557055
0.0656570591,0.5782305060
0.0656961407,0.2731276314
0.0657352223,0.3775221726
0.0657743039,0.4150867356
0.0658133854,0.3792693616
0.0658524670,0.3890972996
0.0658915486,0.2414598313
0.0659306302,0.2724724356
0.0659697118,0.4642264255
0.0660087934,0.3864765161
0.0660478749,0.3611422760
0.0660869565,0.2696332535
0.0661260381,0.1361916956
0.0661651197,0.2058608559
0.0662042013,0.2333790823
0.0662432829,0.2084816394
0.0662823644,0.2045504642
0.0663214460,0.1973433097
0.0663605276,0.4100635673
0.0663996092,0.3532799256
0.0664386908,0.0625913601
0.0664777723,0.0134516702
0.0665168539,0.362889465
0.0665559355,0.6662451506
0.0665950171,0.2875419405
0.0666340987,0.2169991857
0.0666731803,0.1292029397
0.0667122618,0.1185014072
0.0667513434,0.1706986778
0.0667904250,0.0901095864
0.0668295066,-0.0219289065
0.0668685882,0.2576213293
0.0669076698,0.3061058233
0.0669467513,0.1447092419
0.0669858329,0.0219692164
0.0670249145,-0.1737159486
0.0670639961,-0.1173691042
0.0671030777,-0.1311282174
0.0671421593,0.1765954406
0.0671812408,-0.0335040335
0.0672203224,0.0925119713
0.0672594040,-0.1593016396
0.0672984856,-0.0612406584
0.0673375672,-0.2077861336
0.0673766488,0.0302683641
0.0674157303,0.1069262803
0.0674548119,0.1346629053
0.0674938935,-0.1101619497
0.0675329751,0.0438090786
0.0675720567,0.0927303699
0.0676111383,0.0016581446
0.0676502198,-0.1031731938
0.0676893014,-0.0435503701
0.067728383,-0.0784941496
0.0677674646,-0.144668932
0.0678065462,-0.1549336672
0.0678456277,-0.1651984024
0.0678847093,-0.1472897154
0.0679237909,-0.0352512225
0.0679628725,-0.2099701199
0.0680019541,-0.2759265036
0.0680410357,-0.4220351816
0.0680801172,-0.3235374032
0.0681191988,-0.4626573252
0.0681582804,-0.6015588486
0.068197362,-0.4395070713
0.0682364436,-0.4980379019
0.0682755252,-0.7382763858
0.0683146067,-0.5899837217
0.0683536883,-0.3722402958
0.0683927699,-0.5637758871
0.0684318515,-0.5766614058
0.0684709331,-0.4462774286
0.0685100147,-0.4698644797
0.0685490962,-0.5388784442
0.0685881778,-0.4644045142
0.0686272594,-0.6487329509
0.068666341,-0.5006586854
0.0687054226,-0.317859039
0.0687445042,-0.7367475955
0.0687835857,-0.8260726318
0.0688226673,-0.8874426445
0.0688617489,-0.6935046684
0.0689008305,-0.6537561192
0.0689399121,-0.5580975229
0.0689789936,-0.7387131831
0.0690180752,-0.9049145342
0.0690571568,-0.8822010776
0.0690962384,-0.9992627388
0.06913532,-0.8155894979
0.0691744016,-0.8210494635
0.0692134831,-0.9453182793
0.0692525647,-1.0691502978
0.0692916463,-0.9378927261
0.0693307279,-0.3873098007
0.0693698095,-0.6312610612
0.0694088911,-0.7208044961
0.0694479726,-0.6635840572
0.0694870542,-0.7810825157
0.0695261358,-0.7271380561
0.0695652174,-0.6908838849
0.069604299,-0.7767145433
0.0696433806,-0.7367475955
0.0696824621,-0.7913472509
0.0697215437,-0.6360658309
0.0697606253,-0.7011486202
0.0697997069,-0.8396133463
0.0698387885,-0.7190573071
0.0698778701,-0.7282300492
0.0699169516,-0.8527172636
0.0699560332,-0.7286668465
0.0699951148,-0.7515987018
0.0700341964,-0.7747489557
0.070073278,-0.9828828422
0.0701123596,-0.9459734751
0.0701514411,-1.0036307113
0.0701905227,-0.9352719427
0.0702296043,-0.9193288433
0.0702686859,-0.7917840482
0.0703077675,-0.5386600456
0.0703468490,-0.8660395796
0.0703859306,-1.0601959543
0.0704250122,-1.1209107711
0.0704640938,-0.779772124
0.0705031754,-0.8201758690
0.070542257,-0.9374559289
0.0705813385,-0.7574954646
0.0706204201,-0.7245172727
0.0706595017,-0.8522804664
0.0706985833,-0.8402685422
0.0707376649,-0.8874426445
0.0707767465,-1.1268075339
0.0708158280,-0.9953315636
0.0708549096,-1.0492760232
0.0708939912,-1.2464899786
0.0709330728,-1.0414136728
0.0709721544,-0.9800436601
0.071011236,-0.9291567812
0.0710503175,-1.1755104266
0.0710893991,-1.089242971
0.0711284807,-1.073081473
0.0711675623,-1.3296998535
0.0712066439,-1.1593489286
0.0712457255,-1.115232407
0.0712848070,-0.8509700747
0.0713238886,-1.1462450113
0.0713629702,-1.1510497809
0.0714020518,-1.1488657947
0.0714411334,-0.9577670007
0.0714802149,-1.0014467250
0.0715192965,-0.9540542241
0.0715583781,-0.6655496448
0.0715974597,-0.7865424813
0.0716365413,-0.9108112970
0.0716756229,-0.8007383917
0.0717147044,-0.7572770659
0.0717537860,-0.6159731577
0.0717928676,-0.8874426445
0.0718319492,-1.0953581324
0.0718710308,-1.0302753431
0.0719101124,-1.0772310468
0.0719491939,-1.1204739739
0.0719882755,-0.8177734842
0.0720273571,-1.2425588034
0.0720664387,-1.2995608437
0.0721055203,-1.181625588
0.0721446019,-1.2772841843
0.0721836834,-0.8238886456
0.0722227650,-0.8887530362
0.0722618466,-1.0093090754
0.0723009282,-0.9339615509
0.0723400098,-0.9007649604
0.0723790914,-1.0667479129
0.0724181729,-0.9911819898
0.0724572545,-0.8669131741
0.0724963361,-0.711631754
0.0725354177,-0.6402154047
0.0725744993,-0.7229884823
0.0726135809,-0.8752123217
0.0726526624,-0.9992627388
0.0726917440,-1.0324593293
0.0727308256,-0.9254440047
0.0727699072,-0.8363373670
0.0728089888,-0.7579322618
0.0728480703,-0.8158078966
0.0728871519,-0.8282566180
0.0729262335,-0.7740937598
0.0729653151,-0.8739019299
0.0730043967,-0.7885080688
0.0730434783,-0.8147159035
0.0730825598,-0.7852320895
0.0731216414,-0.6963438505
0.0731607230,-0.7823929074
0.0731998046,-0.8158078966
0.0732388862,-0.8562116416
0.0732779678,-0.9523070352
0.0733170493,-0.8736835313
0.0733561309,-0.7042062009
0.0733952125,-0.7238620768
0.0734342941,-0.6175019480
0.0734733757,-0.6443649785
0.0735124573,-0.8736835313
0.0735515388,-0.7042062009
0.0735906204,-0.5805925809
0.0736297020,-0.6284218791
0.0736687836,-0.7564034715
0.0737078652,-0.5976276734
0.0737469468,-0.4392886727
0.0737860283,-0.5222801489
0.0738251099,-0.8182102814
0.0738641915,-0.7432995541
0.0739032731,-0.8817642803
0.0739423547,-0.8520620678
0.0739814362,-0.5812477768
0.0740205178,-0.3704931068
0.0740595994,-0.4956355171
0.074098681,-0.3268133825
0.0741377626,-0.4694276825
0.0741768442,-0.468554088
0.0742159257,-0.4781636274
0.0742550073,-0.4108968519
0.0742940889,-0.3715850999
0.0743331705,-0.7448283445
0.0743722521,-0.7572770659
0.0744113337,-0.4971643074
0.0744504152,-0.4333919099
0.0744894968,-0.3626307565
0.0745285784,-0.4388518754
0.07456766,-0.4170120133
0.0746067416,-0.4301159306
0.0746458232,-0.4292423361
0.0746849047,-0.4775084315
0.0747239863,-0.3715850999
0.0747630679,-0.2660985656
0.0748021495,-0.1817966976
0.0748412311,-0.3141462624
0.0748803127,-0.3414460901
0.0749193942,-0.3338021384
0.0749584758,-0.4903939502
0.0749975574,-0.6921942767
0.075036639,-0.3274685784
0.0750757206,-0.3338021384
0.0751148021,-0.2597650056
0.0751538837,-0.2313731848
0.0751929653,-0.1575544506
0.0752320469,-0.4506454010
0.0752711285,-0.3938617594
0.0753102101,-0.3268133825
0.0753492916,-0.3296525646
0.0753883732,-0.2591098097
0.0754274548,-0.3565155950
0.0754665364,-0.2822600637
0.075505618,-0.2713401326
0.0755446996,-0.2534314456
0.0755837811,-0.23530436
0.0756228627,-0.2069125391
0.0756619443,-0.335767726
0.0757010259,-0.3211350183
0.0757401075,-0.2752713078
0.0757791891,-0.3305261591
0.0758182706,-0.3298709632
0.0758573522,-0.4270583499
0.0758964338,-0.2409827241
0.0759355154,-0.1531864782
0.075974597,-0.1669455914
0.0760136786,-0.1385537705
0.0760527601,-0.1558072617
0.0760918417,-0.2289707999
0.0761309233,-0.3508372309
0.0761700049,-0.1649800038
0.0762090865,-0.2379251434
0.0762481681,-0.2584546139
0.0762872496,-0.2510290607
0.0763263312,-0.2995135548
0.0763654128,-0.159083241
0.0764044944,-0.0924716614
0.076443576,-0.1062307745
0.0764826575,-0.1898774467
0.0765217391,-0.1929350274
0.0765608207,-0.2486266759
0.0765999023,-0.2479714800
0.0766389839,0.0879256002
0.0766780655,-0.0450791604
0.0767171470,-0.3351125301
0.0767562286,-0.1981765943
0.0767953102,-0.1767735293
0.0768343918,-0.0121009686
0.0768734734,0.1206853935
0.076912555,0.0261187902
0.0769516365,-0.2222004427
0.0769907181,0.0438090786
0.0770297997,-0.0225841024
0.0770688813,0.1241797714
0.0771079629,0.0016581446
0.0771470445,0.0680513256
0.0771861260,0.1516979978
0.0772252076,0.161962733
0.0772642892,0.0077733060
0.0773033708,-0.0481367411
0.0773424524,-0.0129745630
0.077381534,0.0883623974
0.0774206155,-0.2368331503
0.0774596971,-0.0127561644
0.0774987787,0.0885807961
0.0775378603,-0.0304464528
0.0775769419,0.0780976622
0.0776160234,0.1337893108
0.0776551050,0.0846496209
0.0776941866,-0.0658270295
0.0777332682,-0.0236760955
0.0777723498,0.0566945973
0.0778114314,0.1088918679
0.0778505129,0.129639737
0.0778895945,-0.0348144252
0.0779286761,0.0700169132
0.0779677577,0.1888257634
0.0780068393,0.4085347769
0.0780459209,0.372717403
0.0780850024,0.3406128056
0.0781240840,0.4098451686
0.0781631656,0.3286008814
0.0782022472,0.2615525045
0.0782413288,-0.0813333316
0.0782804104,0.0866152085
0.0783194919,0.0968799437
0.0783585735,0.2853579543
0.0783976551,0.4244778763
0.0784367367,0.2244247388
0.0784758183,0.3253249020
0.0785148999,0.2619893017
0.0785539814,0.3521879325
0.0785930630,0.1628363275
0.0786321446,0.3231409158
0.0786712262,0.3646366539
0.0787103078,0.3567743036
0.0787493894,0.6147030758
0.0787884709,0.5646897915
0.0788275525,0.4515593054
0.0788666341,0.4297194432
0.0789057157,0.4709967827
0.0789447973,0.4419497660
0.0789838788,0.6577276043
0.0790229604,0.3768669768
0.0790620420,0.3901892927
0.0791011236,0.3406128056
0.0791402052,0.3991436362
0.0791792868,0.6396005187
0.0792183683,0.3692230250
0.0792574499,0.4105003645
0.0792965315,0.4934918408
0.0793356131,0.5625058052
0.0793746947,0.4460993399
0.0794137763,0.4906526587
0.0794528578,0.2694148549
0.0794919394,0.4681576007
0.0795310210,0.5581378328
0.0795701026,0.4766751469
0.0796091842,0.4476281302
0.0796482658,0.5306196065
0.0796873473,0.5924264164
0.0797264289,0.6332669587
0.0797655105,0.5690577639
0.0798045921,0.6133926841
0.0798436737,0.4305930377
0.0798827553,0.5065957581
0.0799218368,0.5649081901
0.0799609184,0.7804676297
0.08,0.6181974538
